<?xml version="1.0" encoding="UTF-8"?>
<configuration>
    <!-- Common Properties -->
    <property name="LOG_PATTERN"
              value="%d{yyyy-MM-dd HH:mm:ss.SSS} [%thread] %-5level %logger{36} - %msg%n"/>
    <property name="LOG_FOLDER" value="logs"/>
    <property name="LOG_FILE_NAME" value="application"/>

    <!-- Console Appender Configuration -->
 <!--   <appender name="STDOUT" class="ch.qos.logback.core.ConsoleAppender">
        <encoder>
            <pattern>${LOG_PATTERN}</pattern>
        </encoder>
    </appender>
    -->

    <!-- Rolling File Appender Configuration -->
    <appender name="FILE" class="ch.qos.logback.core.rolling.RollingFileAppender">
        <file>${LOG_FOLDER}/${LOG_FILE_NAME}.log</file>
        <append>true</append>
        <encoder>
            <pattern>${LOG_PATTERN}</pattern>
        </encoder>
        <rollingPolicy class="ch.qos.logback.core.rolling.TimeBasedRollingPolicy">
            <fileNamePattern>${LOG_FOLDER}/${LOG_FILE_NAME}-%d{yyyy-MM-dd}.log</fileNamePattern>
            <maxHistory>30</maxHistory>
            <totalSizeCap>3GB</totalSizeCap>
        </rollingPolicy>
    </appender>

    <!-- Root Logger Configuration -->
    <root level="ERROR">

        <appender-ref ref="FILE"/>
    </root>
</configuration>
